parent_category,parent_category_link,category,category_link,level
Asian Home,/f/diversity-and-inclusion/celebrating-asian-culture,Japanese,/search?keyword=2024AAPIJapaneseEssentials&query=2024AAPIJapaneseEssentials&searchType=mktg%20attribute&monet=curated&fulfillment=all&pzn=relevance,8
Asian Home,/f/diversity-and-inclusion/celebrating-asian-culture,Filipino,/search?keyword=2024AAPIFilipinoEssentials&query=2024AAPIFilipinoEssentials&searchType=mktg%20attribute&monet=curated&fulfillment=all&pzn=relevance,8
Asian Home,/f/diversity-and-inclusion/celebrating-asian-culture,Korean,/search?keyword=2024AAPIKoreanEssentials&query=2024AAPIKoreanEssentials&searchType=mktg%20attribute&monet=curated&fulfillment=all&pzn=relevance,8
Asian Home,/f/diversity-and-inclusion/celebrating-asian-culture,Chinese,/search?keyword=2024AAPIChineseEssentials&query=2024AAPIChineseEssentials&searchType=mktg%20attribute&monet=curated&fulfillment=all&pzn=relevance,8
Asian Home,/f/diversity-and-inclusion/celebrating-asian-culture,Indian,/search?keyword=2024AAPIIndianEssentials&query=2024AAPIIndianEssentials&searchType=mktg%20attribute&monet=curated&fulfillment=all&pzn=relevance,8
Chinese,/d/international-asian-chinese,Asian Home,/f/diversity-and-inclusion/celebrating-asian-culture,8
Chinese,/d/international-asian-chinese,Vietnamese,/d/international-asian-vietnamese,8
Chinese,/d/international-asian-chinese,Korean,/d/international-asian-korean,8
Chinese,/d/international-asian-chinese,Indian,/d/international-asian-indian,8
Chinese,/d/international-asian-chinese,Filipino,/d/international-asian-filipino,8
Chinese,/d/international-asian-chinese,Japanese,/d/international-asian-japanese,8
Chinese,/d/international-asian-chinese,Thai,/d/international-asian-thai,8
Korean,/d/international-asian-korean,Asian Home,/f/diversity-and-inclusion/celebrating-asian-culture,8
Korean,/d/international-asian-korean,Chinese,/d/international-asian-chinese,8
Korean,/d/international-asian-korean,Vietnamese,/d/international-asian-vietnamese,8
Korean,/d/international-asian-korean,Indian,/d/international-asian-indian,8
Korean,/d/international-asian-korean,Filipino,/d/international-asian-filipino,8
Korean,/d/international-asian-korean,Japanese,/d/international-asian-japanese,8
Korean,/d/international-asian-korean,Thai,/d/international-asian-thai,8
Indian,/d/international-asian-indian,Asian Home,/f/diversity-and-inclusion/celebrating-asian-culture,8
Indian,/d/international-asian-indian,Chinese,/d/international-asian-chinese,8
Indian,/d/international-asian-indian,Vietnamese,/d/international-asian-vietnamese,8
Indian,/d/international-asian-indian,Korean,/d/international-asian-korean,8
Indian,/d/international-asian-indian,Filipino,/d/international-asian-filipino,8
Indian,/d/international-asian-indian,Japanese,/d/international-asian-japanese,8
Indian,/d/international-asian-indian,Thai,/d/international-asian-thai,8
Filipino,/d/international-asian-filipino,Asian Home,/f/diversity-and-inclusion/celebrating-asian-culture,8
Filipino,/d/international-asian-filipino,Chinese,/d/international-asian-chinese,8
Filipino,/d/international-asian-filipino,Vietnamese,/d/international-asian-vietnamese,8
Filipino,/d/international-asian-filipino,Korean,/d/international-asian-korean,8
Filipino,/d/international-asian-filipino,Indian,/d/international-asian-indian,8
Filipino,/d/international-asian-filipino,Japanese,/d/international-asian-japanese,8
Filipino,/d/international-asian-filipino,Thai,/d/international-asian-thai,8
Japanese,/d/international-asian-japanese,Asian Home,/f/diversity-and-inclusion/celebrating-asian-culture,8
Japanese,/d/international-asian-japanese,Chinese,/d/international-asian-chinese,8
Japanese,/d/international-asian-japanese,Vietnamese,/d/international-asian-vietnamese,8
Japanese,/d/international-asian-japanese,Korean,/d/international-asian-korean,8
Japanese,/d/international-asian-japanese,Indian,/d/international-asian-indian,8
Japanese,/d/international-asian-japanese,Filipino,/d/international-asian-filipino,8
Japanese,/d/international-asian-japanese,Thai,/d/international-asian-thai,8
Thai,/d/international-asian-thai,Asian Home,/f/diversity-and-inclusion/celebrating-asian-culture,8
Thai,/d/international-asian-thai,Chinese,/d/international-asian-chinese,8
Thai,/d/international-asian-thai,Vietnamese,/d/international-asian-vietnamese,8
Thai,/d/international-asian-thai,Korean,/d/international-asian-korean,8
Thai,/d/international-asian-thai,Indian,/d/international-asian-indian,8
Thai,/d/international-asian-thai,Filipino,/d/international-asian-filipino,8
Thai,/d/international-asian-thai,Japanese,/d/international-asian-japanese,8
Vietnamese,/d/international-asian-vietnamese,Asian Home,/f/diversity-and-inclusion/celebrating-asian-culture,8
Vietnamese,/d/international-asian-vietnamese,Chinese,/d/international-asian-chinese,8
Vietnamese,/d/international-asian-vietnamese,Korean,/d/international-asian-korean,8
Vietnamese,/d/international-asian-vietnamese,Indian,/d/international-asian-indian,8
Vietnamese,/d/international-asian-vietnamese,Filipino,/d/international-asian-filipino,8
Vietnamese,/d/international-asian-vietnamese,Japanese,/d/international-asian-japanese,8
Vietnamese,/d/international-asian-vietnamese,Thai,/d/international-asian-thai,8
Murray’s Cheese,/b/murrays-cheese,Recipes,/recipes/search?searchTerm=murray%27s&page=1,8
Murray’s Cheese,/b/murrays-cheese,"Gifting & Entertaining
(Opens in a new tab or window)",https://www.murrayscheese.com/murrays-cheese-at-kroger,8
Murray’s Cheese,/b/murrays-cheese,"Follow the Curd
(Opens in a new tab or window)",https://www.murrayscheese.com/cheezemail,8
Snacks,/d/snacks,Chips & Puffs,/search?keyword=ChipsPuffsMore&query=ChipsPuffsMore&searchType=mktg%20attribute&monet=curated&fulfillment=all&pzn=relevance,8
Snacks,/d/snacks,Cookies,/pl/cookies/01021?taxonomyId=01021&fulfillment=all,8
Snacks,/d/snacks,Crackers,/pl/crackers/01026?taxonomyId=01026&fulfillment=all,8
Snacks,/d/snacks,Popcorn,/pl/popcorn/0102000007?facets=true&pzn=relevance,8
Snacks,/d/snacks,Nuts & Seeds,/pl/nuts-seeds/0102000002?facets=true&pzn=relevance,8
Snacks,/d/snacks,Pretzels,/pl/pretzels/0102000005?facets=true&pzn=relevance,8
Snacks,/d/snacks,Granola Bars,/pl/granola-bars/0102000027,8
Snacks,/d/snacks,Trail Mix,/pl/trail-mix/0102000001,8
Snacks,/d/snacks,Rice Cakes,/pl/rice-cakes/0102000014,8
Snacks,/d/snacks,Snack Cakes & Pies,/pl/snack-cakes-pies/0102000010,8
Snacks,/d/snacks,Beef Jerky & Dried Meat,/pl/beef-jerky-dried-meat/0102000004,8
Snacks,/d/snacks,Raisins & Dried Fruit,/pl/raisins-dried-fruit/0102000003,8
Snacks,/d/snacks,Fruit Snacks,/pl/fruit-snacks/0102000013,8
Snacks,/d/snacks,Applesauce & Fruit Cups,/pl/applesauce-fruit-cups/0102000016,8
Snacks,/d/snacks,Fruit & Veggie Snack,/pl/snack-packs/0612300003,8
Snacks,/d/snacks,Dips,/pl/dips/0102000009,8
Snacks,/d/snacks,Gelatin & Pudding,/pl/pudding-gelatin/0101200017,8
Beverage,/d/beverages,Soda & Pop,/pl/soda-pop/04001,8
Beverage,/d/beverages,Water,/pl/water/04006,8
Beverage,/d/beverages,Coffee Shop,/d/coffee,8
Beverage,/d/beverages,Juice & Lemonade,/pl/juice/04004,8
Beverage,/d/beverages,Milk & Milk Substitutes,/pl/milk-plant-based-milk/02001,8
Beverage,/d/beverages,Tea,/pl/tea-kombucha/04007,8
Beverage,/d/beverages,Kombucha & Gut Health Beverages,/pl/kombucha-and-gut-health-beverages/04012?pzn=relevance&taxonomyId=04012&fulfillment=all,8
Beverage,/d/beverages,Sparkling Water,/pl/sparkling-water/04002,8
Beverage,/d/beverages,Sports Drink,/pl/sports-drinks/04005,8
Beverage,/d/beverages,Drink Mixes & Beverage Enhancers,/pl/drink-mixes-beverage-enhancers/04008,8
Beverage,/d/beverages,Drink Boxes & Pouches,/pl/drink-boxes-pouches/04010,8
Beverage,/d/beverages,Energy Drinks,/pl/energydrinks/04011,8
Beverage,/d/beverages,Adult Beverage Mixers,/pl/adult-beverage-mixers/08189?pzn=relevance&taxonomyId=08189&fulfillment=all,8
Beverage,/d/beverages,Cocoa Mixes,/pl/cocoa-mixes/0400700011?taxonomyId=0400700011&fulfillment=all,8
Beverage,/d/beverages,Protein Shakes,/pl/proteinshakes/2201000002,8
Beverage,/d/beverages,Glassware & Drinkware,/pl/glassware-drinkware/28004?facets=true&pzn=relevance,8
Beverage,/d/beverages,Soda Stream,/search?query=soda%20stream&searchType=default_search,8
Coffee Shop,/d/coffee,K-Cups & Pods,/pl/k-cups-coffee-pods/0400300001?taxonomyId=0400300001&fulfillment=all,8
Coffee Shop,/d/coffee,Nespresso Pods & Capsules,/pl/nespresso-pods-capsules/0400300004?taxonomyId=0400300004&fulfillment=all,8
Coffee Shop,/d/coffee,Ground Coffee,/pl/ground-coffee/0400300003?taxonomyId=0400300003&fulfillment=all,8
Coffee Shop,/d/coffee,Whole Coffee Beans,/pl/whole-coffee-beans/0400300002?taxonomyId=0400300002&fulfillment=all,8
Coffee Shop,/d/coffee,Instant Coffee,/pl/instant-coffee/0400300010?taxonomyId=0400300010&fulfillment=all,8
Coffee Shop,/d/coffee,Seasonal & Holiday Flavored Coffee & Creamer,/pl/seasonal-holiday-flavored-coffee-creamer/0400300005?taxonomyId=0400300005&fulfillment=all,8
Coffee Shop,/d/coffee,"Cold Brew, Iced & Bottled Coffee",/pl/cold-brew-iced-bottled-coffee/0400300009?taxonomyId=0400300009&fulfillment=al,8
Coffee Shop,/d/coffee,Espresso Coffee,/pl/espresso-coffee/0400300007?taxonomyId=0400300007&fulfillment=all,8
Coffee Shop,/d/coffee,Decaffeinated Coffee,/pl/decaffeinated-coffee/0400300006?taxonomyId=0400300006&fulfillment=all,8
Coffee Shop,/d/coffee,Coffee Creamers & Flavoring Syrups,/pl/coffee-creamers-flavoring-syrups/0400300008?taxonomyId=0400300008&fulfillment=all,8
Coffee Shop,/d/coffee,Coffee Filters,/pl/filters/2801200002?taxonomyId=2801200002&fulfillment=all,8
Coffee Shop,/d/coffee,Coffee & Espresso Machines,/pl/coffee-makers/2800700009?taxonomyId=2800700009&fulfillment=all,8
View All Dietary Lifestyles,/f/shop-by-diet,Keto-Friendly,/f/shop-by-diet/keto-groceries,8
View All Dietary Lifestyles,/f/shop-by-diet,Mediterranean,/f/shop-by-diet/mediterranean-groceries,8
View All Dietary Lifestyles,/f/shop-by-diet,Plant-Based,/f/shop-by-diet/plant-based-groceries,8
View All Dietary Lifestyles,/f/shop-by-diet,Gluten-Free,/f/shop-by-diet/gluten-free-groceries,8
Learn About Virtual Nutrition Counseling,/health/clinic/services/virtual-care#virtualnutrition,View All Healthcare Departments,/health,8
Learn About Virtual Nutrition Counseling,/health/clinic/services/virtual-care#virtualnutrition,Explore Healthy Nutrition,/health/info,8
Learn About Virtual Nutrition Counseling,/health/clinic/services/virtual-care#virtualnutrition,Explore The Little Clinic,/health/clinic,8
Learn About Virtual Nutrition Counseling,/health/clinic/services/virtual-care#virtualnutrition,Meet Our Dietitians,/health/registered-dietitians,8
Learn About Virtual Nutrition Counseling,/health/clinic/services/virtual-care#virtualnutrition,Browse Wellness Articles,/blog/health,8
Learn About Virtual Nutrition Counseling,/health/clinic/services/virtual-care#virtualnutrition,Check Out OptUP™,/health/pharmacy/optup,8
Browse Wellness Articles,/blog/health,Virtual Nutrition Counseling,/health/clinic/services/virtual-care#virtualnutrition,8
Browse Wellness Articles,/blog/health,Dietary Lifestyles,/f/shop-by-diet,8
Browse Wellness Articles,/blog/health,Blog Health Archive,/blog/health/archive,8
Browse Wellness Articles,/blog/health,OptUp® Nutrition,/health/pharmacy/optup,8
Browse Wellness Articles,/blog/health,Meet our Dietitians,/health/registered-dietitians,8
Luvsome,/b/luvsome,Pet Treats,/search?keyword=LuvsomeBrandPagePetTreats&query=LuvsomeBrandPagePetTreats&searchType=mktg%20attribute&monet=curated&fulfillment=all&pzn=relevance,8
Keto-Friendly,/f/shop-by-diet/keto-groceries,Keto Snacks,/pl/snacks/01020?query=keto&searchType=default_search&taxonomyId=01020&fulfillment=all&pzn=relevance,8
Keto-Friendly,/f/shop-by-diet/keto-groceries,Keto Proteins,/pl/meat-seafood/18004?searchType=trending&taxonomyId=18004&fulfillment=all&pzn=relevance,8
Keto-Friendly,/f/shop-by-diet/keto-groceries,Keto Breads & Wraps,/pl/packaged-bread/01016?query=keto&searchType=default_search&taxonomyId=01016&fulfillment=all&pzn=relevance,8
Keto-Friendly,/f/shop-by-diet/keto-groceries,Keto Desserts,/search?query=keto%20dessert&searchType=default_search&pzn=relevance,8
Keto-Friendly,/f/shop-by-diet/keto-groceries,View All Dietary Lifestyles,/f/shop-by-diet,8
Keto-Friendly,/f/shop-by-diet/keto-groceries,Explore Healthy Nutrition,/health/info,8
Keto-Friendly,/f/shop-by-diet/keto-groceries,Learn About Virtual Nutrition Counseling,/health/clinic/services/virtual-care#virtualnutrition,8
Keto-Friendly,/f/shop-by-diet/keto-groceries,Check Out OptUP™,/health/pharmacy/optup,8
Keto-Friendly,/f/shop-by-diet/keto-groceries,Browse Wellness Articles,/blog/health,8
Keto-Friendly,/f/shop-by-diet/keto-groceries,Discover Easy Meal Solutions,/blog/meal-planning,8
Mediterranean,/f/shop-by-diet/mediterranean-groceries,Hummus & Dips,/pl/hummus-salsa-dips-snacks/13011?fulfillment=all&taxonomyId=13011&page=2,8
Mediterranean,/f/shop-by-diet/mediterranean-groceries,Proteins,/search?keyword=MedDietProteins&query=MedDietProteins&searchType=mktg%20attribute&monet=FALSE&fulfillment=all&pzn=relevance,8
Mediterranean,/f/shop-by-diet/mediterranean-groceries,Produce,/pl/fresh-fruits-vegetables/06?taxonomyId=06&fulfillment=all,8
Mediterranean,/f/shop-by-diet/mediterranean-groceries,Snacks,/search?keyword=MedDietSnacks&query=MedDietSnacks&searchType=mktg%20attribute&monet=FALSE&fulfillment=all&pzn=relevance,8
Mediterranean,/f/shop-by-diet/mediterranean-groceries,View All Dietary Lifestyles,/f/shop-by-diet,8
Mediterranean,/f/shop-by-diet/mediterranean-groceries,Explore Healthy Nutrition,/health/info,8
Mediterranean,/f/shop-by-diet/mediterranean-groceries,Learn About Virtual Nutrition Counseling,/health/clinic/services/virtual-care#virtualnutrition,8
Mediterranean,/f/shop-by-diet/mediterranean-groceries,Check Out OptUP™,/health/pharmacy/optup,8
Mediterranean,/f/shop-by-diet/mediterranean-groceries,Browse Wellness Articles,/blog/health,8
Mediterranean,/f/shop-by-diet/mediterranean-groceries,Discover Easy Meal Solutions,/blog/meal-planning,8
Plant-Based,/f/shop-by-diet/plant-based-groceries,Plant-Based Protein,/pl/meat-seafood/18004?query=plant%20based&searchType=default_search&taxonomyId=18004&fulfillment=all&pzn=relevance,8
Plant-Based,/f/shop-by-diet/plant-based-groceries,Fresh Produce,/search?keyword=2022PlantBasedProduce&query=2022PlantBasedProduce&searchType=mktg%20attribute&monet=curated&fulfillment=all&pzn=relevance,8
Plant-Based,/f/shop-by-diet/plant-based-groceries,Plant-Based Milk,/search?keyword=PlantBasedMilk&query=PlantBasedMilk&searchType=mktg%20attribute&monet=FALSE&fulfillment=all&pzn=relevance,8
Plant-Based,/f/shop-by-diet/plant-based-groceries,View All Dietary Lifestyles,/f/shop-by-diet,8
Plant-Based,/f/shop-by-diet/plant-based-groceries,Explore Healthy Nutrition,/health/info,8
Plant-Based,/f/shop-by-diet/plant-based-groceries,Learn About Virtual Nutrition Counseling,/health/clinic/services/virtual-care#virtualnutrition,8
Plant-Based,/f/shop-by-diet/plant-based-groceries,Check Out OptUP™,/health/pharmacy/optup,8
Plant-Based,/f/shop-by-diet/plant-based-groceries,Browse Wellness Articles,/blog/health,8
Plant-Based,/f/shop-by-diet/plant-based-groceries,Discover Easy Meal Solutions,/blog/meal-planning,8
Gluten-Free,/f/shop-by-diet/gluten-free-groceries,Gluten-Free Bread,/search?keyword=SpecialtyDietsGlutenFreeBread&query=SpecialtyDietsGlutenFreeBread&searchType=mktg%20attribute&monet=curated&fulfillment=all&pzn=relevance ,8
Gluten-Free,/f/shop-by-diet/gluten-free-groceries,Gluten-Free Pasta,/search?keyword=SpecialtyDietsGlutenFreePasta&query=SpecialtyDietsGlutenFreePasta&searchType=mktg%20attribute&monet=curated&fulfillment=all&pzn=relevance,8
Gluten-Free,/f/shop-by-diet/gluten-free-groceries,Gluten-Free Cereal,/search?keyword=SpecialtyDietsGlutenFreeCereal&query=SpecialtyDietsGlutenFreeCereal&searchType=mktg%20attribute&monet=curated&fulfillment=all&pzn=relevance,8
Gluten-Free,/f/shop-by-diet/gluten-free-groceries,Gluten-Free Flour,/search?keyword=SpecialtyDietsGlutenFreeFlour&query=SpecialtyDietsGlutenFreeFlour&searchType=mktg%20attribute&monet=curated&fulfillment=all&pzn=relevance ,8
Gluten-Free,/f/shop-by-diet/gluten-free-groceries,View All Dietary Lifestyles,/f/shop-by-diet,8
Gluten-Free,/f/shop-by-diet/gluten-free-groceries,Explore Healthy Nutrition,/health/info,8
Gluten-Free,/f/shop-by-diet/gluten-free-groceries,Learn About Virtual Nutrition Counseling,/health/clinic/services/virtual-care#virtualnutrition,8
Gluten-Free,/f/shop-by-diet/gluten-free-groceries,Check Out OptUP™,/health/pharmacy/optup,8
Gluten-Free,/f/shop-by-diet/gluten-free-groceries,Browse Wellness Articles,/blog/health,8
Gluten-Free,/f/shop-by-diet/gluten-free-groceries,Discover Easy Meal Solutions,/blog/meal-planning,8
Shop All Departments,/d/shop-all-departments,Meat,/d/meat,8
Shop All Departments,/d/shop-all-departments,Seafood,/d/seafood,8
Shop All Departments,/d/shop-all-departments,Produce,/d/produce,8
Shop All Departments,/d/shop-all-departments,Deli,/d/deli,8
Shop All Departments,/d/shop-all-departments,Bakery,/d/bakery,8
Shop All Departments,/d/shop-all-departments,Dairy & Eggs,/d/dairy,8
Shop All Departments,/d/shop-all-departments,Pantry,/d/grocery,8
Shop All Departments,/d/shop-all-departments,Beverage,/d/beverages,8
Shop All Departments,/d/shop-all-departments,Breakfast,/d/breakfast,8
Shop All Departments,/d/shop-all-departments,Natural & Organic,/d/natural-organic,8
Shop All Departments,/d/shop-all-departments,Adult Beverage,/d/beer-wine-liquor,8
Shop All Departments,/d/shop-all-departments,Frozen,/d/frozen,8
Shop All Departments,/d/shop-all-departments,Health,/d/health,8
Shop All Departments,/d/shop-all-departments,Vitamins & Supplements,/d/vitamins-supplements,8
Shop All Departments,/d/shop-all-departments,Personal Care,/d/personal-care,8
Shop All Departments,/d/shop-all-departments,Beauty,/d/beauty,8
Shop All Departments,/d/shop-all-departments,Baby,/d/baby,8
Shop All Departments,/d/shop-all-departments,Home,/d/home-electronics,8
Shop All Departments,/d/shop-all-departments,Kitchen & Dining,/d/kitchen-dining,8
Shop All Departments,/d/shop-all-departments,Electronics,/d/electronics,8
Shop All Departments,/d/shop-all-departments,Patio & Grilling,/d/patio-grilling,8
Shop All Departments,/d/shop-all-departments,Cleaning & Household,/d/household,8
Shop All Departments,/d/shop-all-departments,Pets,/d/pet-supplies,8
Shop All Departments,/d/shop-all-departments,Toys,/d/toys,8
Shop All Departments,/d/shop-all-departments,Floral,/d/floral,8
Shop All Departments,/d/shop-all-departments,Vitacost,https://www.vitacost.com/,8
Shop All Departments,/d/shop-all-departments,Murrays Cheese,/b/murrays-cheese,8
Shop All Departments,/d/shop-all-departments,Home Chef,/b/home-chef,8
Shop Our Brands,/b/ourbrands,Simple Truth®,/b/simple-truth,8
Shop Our Brands,/b/ourbrands,Private Selection®,/b/private-selection,8
Shop Our Brands,/b/ourbrands,Kroger Brand,/b/kroger-brand,8
Shop Our Brands,/b/ourbrands,Home Chef,/b/home-chef,8
Shop Our Brands,/b/ourbrands,Murray’s Cheese,/b/murrays-cheese,8
Shop Our Brands,/b/ourbrands,BLOOM HAUS™,/b/bloom-haus,8
Shop Our Brands,/b/ourbrands,ABOUND,/b/abound,8
Shop Our Brands,/b/ourbrands,Luvsome,/b/luvsome,8
Shop Our Brands,/b/ourbrands,Pet Pride,/b/pet-pride,8
Shop Our Brands,/b/ourbrands,Comforts,/b/comforts-baby,8
Shop Our Brands,/b/ourbrands,Dip,/b/dip,8
Specialty Diets,/f/shop-by-diet,Keto-Friendly,/f/shop-by-diet/keto-groceries,8
Specialty Diets,/f/shop-by-diet,Mediterranean,/f/shop-by-diet/mediterranean-groceries,8
Specialty Diets,/f/shop-by-diet,Plant-Based,/f/shop-by-diet/plant-based-groceries,8
Specialty Diets,/f/shop-by-diet,Gluten-Free,/f/shop-by-diet/gluten-free-groceries,8
Explore The Little Clinic,/health/clinic,Physicals & Screenings,/health/pharmacy/clinical-services,8
Explore The Little Clinic,/health/clinic,Weight Management,/health/weight-management,8
Explore The Little Clinic,/health/clinic,Not Feeling Well,/health/clinic/services/not-feeling-well,8
Explore The Little Clinic,/health/clinic,Preventive & Ongoing Care,/health/clinic/services/ongoing-health-management,8
Explore The Little Clinic,/health/clinic,Virtual Care,/health/clinic/virtual-care,8
Explore The Little Clinic,/health/clinic,Vaccines & Injections,/health/clinic/vaccinations,8
Explore The Little Clinic,/health/clinic,View All Healthcare Departments,/health,8
Explore The Little Clinic,/health/clinic,View All Clinic Services,/health/clinic/services,8
Explore The Little Clinic,/health/clinic,Find a Clinic,/health-services/clinic/locations,8
Explore The Little Clinic,/health/clinic,Access the Patient Portal,https://mycw98.ecwcloud.com/portal13353/jsp/100mp/login_otp.jsp,8
Explore The Little Clinic,/health/clinic,Review Insurance & Payment Info,/health/clinic/billing-insurance-payment,8
Explore The Little Clinic,/health/clinic,Schedule an Appointment,/health/clinic/schedule-appointment,8
Virtual Nutrition Counseling,/health/clinic/services/virtual-care#virtualnutrition,View All Healthcare Departments,/health,8
Virtual Nutrition Counseling,/health/clinic/services/virtual-care#virtualnutrition,Explore Healthy Nutrition,/health/info,8
Virtual Nutrition Counseling,/health/clinic/services/virtual-care#virtualnutrition,Explore The Little Clinic,/health/clinic,8
Virtual Nutrition Counseling,/health/clinic/services/virtual-care#virtualnutrition,Meet Our Dietitians,/health/registered-dietitians,8
Virtual Nutrition Counseling,/health/clinic/services/virtual-care#virtualnutrition,Browse Wellness Articles,/blog/health,8
Virtual Nutrition Counseling,/health/clinic/services/virtual-care#virtualnutrition,Check Out OptUP™,/health/pharmacy/optup,8
Dietary Lifestyles,/f/shop-by-diet,Keto-Friendly,/f/shop-by-diet/keto-groceries,8
Dietary Lifestyles,/f/shop-by-diet,Mediterranean,/f/shop-by-diet/mediterranean-groceries,8
Dietary Lifestyles,/f/shop-by-diet,Plant-Based,/f/shop-by-diet/plant-based-groceries,8
Dietary Lifestyles,/f/shop-by-diet,Gluten-Free,/f/shop-by-diet/gluten-free-groceries,8
Easter Meal Ingredients,/f/easter,Tools & Gadgets,/search?keyword=Easter25ToolsGadgets&query=Easter25ToolsGadgets&searchType=mktg%20attribute&monet=curated&fulfillment=all&pzn=relevance,8
Easter Meal Ingredients,/f/easter,Cookware,/search?keyword=Easter25Cookware&query=Easter25Cookware&searchType=mktg%20attribute&monet=curated&fulfillment=all&pzn=relevance,8
Easter Meal Ingredients,/f/easter,Bakeware,/search?keyword=Easter25Bakeware&query=Easter25Bakeware&searchType=mktg%20attribute&monet=curated&fulfillment=all&pzn=relevance,8
Easter Meal Ingredients,/f/easter,Dinnerware & Serveware,/search?keyword=Easter25DinnerServeware&query=Easter25DinnerServeware&searchType=mktg%20attribute&monet=curated&fulfillment=all&pzn=relevance,8
Explore the Pharmacy,/health/pharmacy,Sign In or Create Account,/rx/dashboard,8
Explore the Pharmacy,/health/pharmacy,Rx Transfers,/rx/guest/transfer-prescriptions,8
Explore the Pharmacy,/health/pharmacy,Rx Refills,/rx/guest-refill,8
Explore the Pharmacy,/health/pharmacy,Order Status,/rx/tracker,8
Explore the Pharmacy,/health/pharmacy,Online Payments,/health/pharmacy/faqs/online-payment,8
Explore the Pharmacy,/health/pharmacy,Auto Refill,/rx/auto-refills,8
Explore the Pharmacy,/health/pharmacy,Notifications & Reminders,/rx/patient-profile,8
Explore the Pharmacy,/health/pharmacy,Medication Adherence,/health/pharmacy/medication-adherence-services,8
Explore the Pharmacy,/health/pharmacy,Pharmacy FAQs,/health/pharmacy/faqs/prescriptions,8
Explore the Pharmacy,/health/pharmacy,View All Healthcare Departments,/health,8
Explore the Pharmacy,/health/pharmacy,Schedule an Appointment,/health/clinic/schedule-appointment,8
Explore the Pharmacy,/health/pharmacy,Manage Your Prescriptions,/rx/landing-page?redirectUrl=/rx/dashboard,8
Explore the Pharmacy,/health/pharmacy,Get Vaccinated,/health/clinic/vaccinations,8
Explore the Pharmacy,/health/pharmacy,Find a Pharmacy,/stores/search?selectedStoreFilters=Pharmacy&hash=Pharmacy,8
Explore the Pharmacy,/health/pharmacy,Shop Health & Wellness Items,/d/health,8
Shop by Dietary Lifestyle,/f/shop-by-diet,Keto-Friendly,/f/shop-by-diet/keto-groceries,8
Shop by Dietary Lifestyle,/f/shop-by-diet,Mediterranean,/f/shop-by-diet/mediterranean-groceries,8
Shop by Dietary Lifestyle,/f/shop-by-diet,Plant-Based,/f/shop-by-diet/plant-based-groceries,8
Shop by Dietary Lifestyle,/f/shop-by-diet,Gluten-Free,/f/shop-by-diet/gluten-free-groceries,8
Find Better-for-You Recipes,/blog/health/better-for-you-recipes,Grilled Pineapple Poblano Guacamole,/r/grilled-pineapple-poblano-guacamole-recipe/5d08f9779da07c1bfa12a76a,8
Find Better-for-You Recipes,/blog/health/better-for-you-recipes,Shrimp with Avocado Peach Salsa,/r/keto-grilled-shrimp-with-avocado-peach-salad-recipe/628a5cc0-e09b-49d5-b468-2bc70ad453bb,8
Find Better-for-You Recipes,/blog/health/better-for-you-recipes,Steak and Potato Salad,/r/grilled-steak-potato-party-salad-recipe/5d08f65f9da07c1bfa12a734,8
Find Better-for-You Recipes,/blog/health/better-for-you-recipes,Chicken and Summer Squash Packets,/r/chicken-summer-squash-packets-recipe/5b34040984ae5310116e36a5,8
Find Better-for-You Recipes,/blog/health/better-for-you-recipes,Turkey Burgers,/r/turkey-burgers-recipe/104051,8
Find Better-for-You Recipes,/blog/health/better-for-you-recipes,Pork Chop with Peach Pan Sauce,/r/pork-chops-with-peach-pan-sauce-recipe/899966ee-fc34-411a-be3b-79bd3f8bc16f,8
Find Better-for-You Recipes,/blog/health/better-for-you-recipes,Virtual Nutrition Counseling,/health/clinic/services/virtual-care#virtualnutrition,8
Find Better-for-You Recipes,/blog/health/better-for-you-recipes,Dietary Lifestyles,/f/shop-by-diet,8
Find Better-for-You Recipes,/blog/health/better-for-you-recipes,OptUP®,/health/pharmacy/optup,8
View All Clinic Services,/health/clinic/services,View All Healthcare Departments,/health,8
View All Clinic Services,/health/clinic/services,Explore The Little Clinic,/health/clinic,8
View All Clinic Services,/health/clinic/services,Find a Clinic,/health-services/clinic/locations,8
View All Clinic Services,/health/clinic/services,"Access the Patient Portal
(Opens in a new tab or window)",https://mycw98.ecwcloud.com/portal13353/jsp/100mp/login_otp.jsp,8
View All Clinic Services,/health/clinic/services,Review Insurance & Payment Info,/health/clinic/billing-insurance-payment,8
View All Clinic Services,/health/clinic/services,Get Vaccinated,/health/clinic/vaccinations,8
Review Insurance & Payment Info,/health/clinic/billing-insurance-payment,View All Clinic Services,/health/clinic/services,8
Review Insurance & Payment Info,/health/clinic/billing-insurance-payment,Explore The Little Clinic,/health/clinic,8
Review Insurance & Payment Info,/health/clinic/billing-insurance-payment,Find a Clinic,/health-services/clinic/locations,8
Review Insurance & Payment Info,/health/clinic/billing-insurance-payment,"Access the Patient Portal
(Opens in a new tab or window)",https://mycw98.ecwcloud.com/portal13353/jsp/100mp/login_otp.jsp,8
Review Insurance & Payment Info,/health/clinic/billing-insurance-payment,Explore the Medicare Resource Center,/health/pharmacy/prescriptions/medicare-part-d,8
Review Insurance & Payment Info,/health/clinic/billing-insurance-payment,Get Vaccinated,/health/clinic/vaccinations,8
Celebrations Main Page,/f/party-shop,Build a Custom Cake Online,/onlinedeli/servlet/en/delibakery/cakes/licensed-cakes?loaded=true,8
Celebrations Main Page,/f/party-shop,Order Premade Cakes,/onlinedeli/servlet/en/delibakery/cakes/special-occasion-cakes,8
Celebrations Main Page,/f/party-shop,Baking Essentials,/search?keyword=CelebrationBaking&query=CelebrationBaking&searchType=mktg attribute&monet=curated&fulfillment=all&pzn=relevance,8
Celebrations Main Page,/f/party-shop,Party Décor & Supplies,/search?keyword=CelebrationSuppliesDecor&query=CelebrationSuppliesDecor&searchType=mktg attribute&monet=curated&fulfillment=all&pzn=relevance,8
Celebrations Main Page,/f/party-shop,Sweet Treats & Candy,/d/candy,8
Celebrations Main Page,/f/party-shop,Flowers,/d/floral,8
Celebrations Main Page,/f/party-shop,"Food, Snacks & Beverages",/f/party-foods,8
Celebrations Main Page,/f/party-shop,Gifting Essentials,/f/party-gifts,8
Celebrations Main Page,/f/party-shop,Birthday,/f/birthdays,8
Celebrations Main Page,/f/party-shop,Graduation,/f/graduation,8
Celebrations Main Page,/f/party-shop,Anniversary,/search?keyword=CelebrationAnniversary&query=CelebrationAnniversary&searchType=mktg attribute&monet=curated&fulfillment=all&pzn=relevance,8
Celebrations Main Page,/f/party-shop,Baby,/d/baby,8
Birthday Must-Haves,/f/birthdays,Cakes & Cookies,/search?query=CelebrationBDayCakeCookies&monet=curated&fulfillment=all&keyword=CelebrationBDayCakeCookies&searchType=mktg attribute&pzn=relevance,8
Birthday Must-Haves,/f/birthdays,Cake Toppers & Candles,/search?query=CelebrationBDayCandlesToppers&monet=curated&fulfillment=allted&fulfillment=all&keyword=CelebrationBDayCandlesToppers&searchType=mktg attribute&pzn=relevance,8
Birthday Must-Haves,/f/birthdays,Frozen Desserts,/search?query=CelebrationBDayFrznDessert&monet=curated&fulfillment=all&keyword=CelebrationBDayFrznDessert&searchType=mktg attribute&pzn=relevance,8
Birthday Must-Haves,/f/birthdays,Baking Ingredients,/search?query=CelebrationBDayBaking&monet=curated&fulfillment=all&keyword=CelebrationBDayBaking&searchType=mktg attribute&pzn=relevance,8
Birthday Must-Haves,/f/birthdays,Baking Tools & Helpers,/search?query=CelebrationBDayGMBaking&monet=curated&fulfillment=all&keyword=CelebrationBDayGMBaking&searchType=mktg attribute&pzn=relevance,8
Birthday Must-Haves,/f/birthdays,Celebrations Main Page,/f/party-shop,8
Birthday Must-Haves,/f/birthdays,Gifting Essentials,/f/party-gifts,8
Birthday Must-Haves,/f/birthdays,"Snacks, Main Dishes & Fresh Cocktails",/f/party-foods,8
Birthday Must-Haves,/f/birthdays,Celebrate Grads with Special Deals,/f/graduation,8
Gifting Essentials,/f/party-gifts,Celebrations Main Page,/f/party-shop?pzn=relevance,8
Gifting Essentials,/f/party-gifts,Birthday Must-Haves,/f/birthdays?pzn=relevance,8
Gifting Essentials,/f/party-gifts,"Snacks, Main Dishes & Fresh Cocktails",/search?keyword=Summer2020CelebrationSnacksChips&query=Summer2020CelebrationSnacksChips&searchType=mktg attribute&monet=curated&fulfillment=all&pzn=relevance,8
Celebrations Main Page,/f/party-shop?pzn=relevance,Build a Custom Cake Online,/onlinedeli/servlet/en/delibakery/cakes/licensed-cakes?loaded=true,8
Celebrations Main Page,/f/party-shop?pzn=relevance,Order Premade Cakes,/onlinedeli/servlet/en/delibakery/cakes/special-occasion-cakes,8
Celebrations Main Page,/f/party-shop?pzn=relevance,Baking Essentials,/search?keyword=CelebrationBaking&query=CelebrationBaking&searchType=mktg attribute&monet=curated&fulfillment=all&pzn=relevance,8
Celebrations Main Page,/f/party-shop?pzn=relevance,Party Décor & Supplies,/search?keyword=CelebrationSuppliesDecor&query=CelebrationSuppliesDecor&searchType=mktg attribute&monet=curated&fulfillment=all&pzn=relevance,8
Celebrations Main Page,/f/party-shop?pzn=relevance,Sweet Treats & Candy,/d/candy,8
Celebrations Main Page,/f/party-shop?pzn=relevance,Flowers,/d/floral,8
Celebrations Main Page,/f/party-shop?pzn=relevance,"Food, Snacks & Beverages",/f/party-foods,8
Celebrations Main Page,/f/party-shop?pzn=relevance,Gifting Essentials,/f/party-gifts,8
Celebrations Main Page,/f/party-shop?pzn=relevance,Birthday,/f/birthdays,8
Celebrations Main Page,/f/party-shop?pzn=relevance,Graduation,/f/graduation,8
Celebrations Main Page,/f/party-shop?pzn=relevance,Anniversary,/search?keyword=CelebrationAnniversary&query=CelebrationAnniversary&searchType=mktg attribute&monet=curated&fulfillment=all&pzn=relevance,8
Celebrations Main Page,/f/party-shop?pzn=relevance,Baby,/d/baby,8
Birthday Must-Haves,/f/birthdays?pzn=relevance,Cakes & Cookies,/search?query=CelebrationBDayCakeCookies&monet=curated&fulfillment=all&keyword=CelebrationBDayCakeCookies&searchType=mktg attribute&pzn=relevance,8
Birthday Must-Haves,/f/birthdays?pzn=relevance,Cake Toppers & Candles,/search?query=CelebrationBDayCandlesToppers&monet=curated&fulfillment=allted&fulfillment=all&keyword=CelebrationBDayCandlesToppers&searchType=mktg attribute&pzn=relevance,8
Birthday Must-Haves,/f/birthdays?pzn=relevance,Frozen Desserts,/search?query=CelebrationBDayFrznDessert&monet=curated&fulfillment=all&keyword=CelebrationBDayFrznDessert&searchType=mktg attribute&pzn=relevance,8
Birthday Must-Haves,/f/birthdays?pzn=relevance,Baking Ingredients,/search?query=CelebrationBDayBaking&monet=curated&fulfillment=all&keyword=CelebrationBDayBaking&searchType=mktg attribute&pzn=relevance,8
Birthday Must-Haves,/f/birthdays?pzn=relevance,Baking Tools & Helpers,/search?query=CelebrationBDayGMBaking&monet=curated&fulfillment=all&keyword=CelebrationBDayGMBaking&searchType=mktg attribute&pzn=relevance,8
Birthday Must-Haves,/f/birthdays?pzn=relevance,Celebrations Main Page,/f/party-shop,8
Birthday Must-Haves,/f/birthdays?pzn=relevance,Gifting Essentials,/f/party-gifts,8
Birthday Must-Haves,/f/birthdays?pzn=relevance,"Snacks, Main Dishes & Fresh Cocktails",/f/party-foods,8
Birthday Must-Haves,/f/birthdays?pzn=relevance,Celebrate Grads with Special Deals,/f/graduation,8
"Snacks, Main Dishes & Fresh Cocktails",/f/party-foods,Online Ordering,/orderonline?pzn=relevance,8
"Snacks, Main Dishes & Fresh Cocktails",/f/party-foods,Grab & Go Options,/search?keyword=Celebrationgrabngofood&query=Celebrationgrabngofood&searchType=mktg%20attribute&monet=curated&fulfillment=all&pzn=relevance,8
"Snacks, Main Dishes & Fresh Cocktails",/f/party-foods,Snacks & Chips,/search?keyword=Summer2020CelebrationSnacksChips&query=Summer2020CelebrationSnacksChips&searchType=mktg attribute&monet=curated&fulfillment=all&pzn=relevance,8
"Snacks, Main Dishes & Fresh Cocktails",/f/party-foods,Sweet Treats & Candy,/search?query=CelebrationPartyCandy&monet=curated&fulfillment=all&pzn=relevance,8
"Snacks, Main Dishes & Fresh Cocktails",/f/party-foods,Celebrations Main Page,/f/party-shop,8
"Snacks, Main Dishes & Fresh Cocktails",/f/party-foods,Birthday Must-Haves,/f/birthdays,8
"Snacks, Main Dishes & Fresh Cocktails",/f/party-foods,Gifting Essentials,/f/party-gifts,8
Sweet Treats & Candy,/d/candy,Chocolate,/pl/chocolate/23001?searchType=mktg%20attribute&monet=true&pzn=relevance&fulfillment=all,8
Sweet Treats & Candy,/d/candy,Gum & Mints,/pl/gum/23002?searchType=mktg%20attribute&monet=true&pzn=relevance&fulfillment=all,8
Sweet Treats & Candy,/d/candy,Grab & Go Candy,/pl/mints/2300200003?searchType=mktg%20attribute&monet=true&pzn=relevance&fulfillment=all,8
Sweet Treats & Candy,/d/candy,Chewy & Gummy Candy,/pl/gummychewy-candy/23003?searchType=mktg%20attribute&monet=true&pzn=relevance&fulfillment=all,8
Sweet Treats & Candy,/d/candy,Hard Candy & Lollipops,/pl/hard-candy/23004?searchType=mktg%20attribute&monet=true&pzn=relevance&fulfillment=all,8
Sweet Treats & Candy,/d/candy,Healthier Options,https://www.kroger.com/pl/healthieroptions/23009?searchType=mktg%20attribute&monet=true&pzn=relevance&fulfillment=all,8
Sweet Treats & Candy,/d/candy,Dark Chocolate Candy,/search?query=dark%20chocolate%20candy&searchType=default_search&fulfillment=csp%7Cdth%7Csth,8
Sweet Treats & Candy,/d/candy,Sugar Free,/search?query=sugar%20free%20candy&searchType=default_search&fulfillment=csp%7Cdth%7Csth,8
Sweet Treats & Candy,/d/candy,Assorted & Variety,/pl/chocolate/2300100005?searchType=mktg%20attribute&monet=true&pzn=relevance&fulfillment=all,8
Sweet Treats & Candy,/d/candy,Premium Chocolate,/pl/premiumchocolate/23008?searchType=mktg%20attribute&monet=true&pzn=relevance&fulfillment=all,8
Flowers,/d/floral,Fresh Cut Roses,/pl/fresh-cut-roses/09130,8
Flowers,/d/floral,Bouquets,/pl/bouquets/09126,8
Flowers,/d/floral,Floral Arrangements,/pl/floralarrangements/09128,8
Flowers,/d/floral,Orchids,/pl/orchids/09132,8
Flowers,/d/floral,Home & Gift,/pl/potted-plants/09133,8
Flowers,/d/floral,Balloons,/pl/balloons/09125,8
Flowers,/d/floral,Thank You,/search?keyword=FloralThankYou&query=FloralThankYou&searchType=mktg%20attribute&monet=curated&fulfillment=all&pzn=relevance,8
Flowers,/d/floral,Thinking of You,/search?keyword=FloralThinkingOfYou&query=FloralThinkingOfYou&searchType=mktg%20attribute&monet=curated&fulfillment=all&pzn=relevance,8
Flowers,/d/floral,Anniversary,/search?keyword=FloralAnniversary&query=FloralAnniversary&searchType=mktg%20attribute&monet=curated&fulfillment=all&pzn=relevance,8
Flowers,/d/floral,Birthday,/search?keyword=FloralBirthday&query=FloralBirthday&searchType=mktg%20attribute&monet=curated&fulfillment=all&pzn=relevance,8
Flowers,/d/floral,New Baby,/search?keyword=FloralNewBaby&query=FloralNewBaby&searchType=mktg%20attribute&monet=curated&fulfillment=all&pzn=relevance,8
Flowers,/d/floral,Sympathy,/search?keyword=FloralSympathy&query=FloralSympathy&searchType=mktg%20attribute&monet=curated&fulfillment=all&pzn=relevance,8
"Food, Snacks & Beverages",/f/party-foods,Online Ordering,/orderonline?pzn=relevance,8
"Food, Snacks & Beverages",/f/party-foods,Grab & Go Options,/search?keyword=Celebrationgrabngofood&query=Celebrationgrabngofood&searchType=mktg%20attribute&monet=curated&fulfillment=all&pzn=relevance,8
"Food, Snacks & Beverages",/f/party-foods,Snacks & Chips,/search?keyword=Summer2020CelebrationSnacksChips&query=Summer2020CelebrationSnacksChips&searchType=mktg attribute&monet=curated&fulfillment=all&pzn=relevance,8
"Food, Snacks & Beverages",/f/party-foods,Sweet Treats & Candy,/search?query=CelebrationPartyCandy&monet=curated&fulfillment=all&pzn=relevance,8
"Food, Snacks & Beverages",/f/party-foods,Celebrations Main Page,/f/party-shop,8
"Food, Snacks & Beverages",/f/party-foods,Birthday Must-Haves,/f/birthdays,8
"Food, Snacks & Beverages",/f/party-foods,Gifting Essentials,/f/party-gifts,8
Birthday,/f/birthdays,Cakes & Cookies,/search?query=CelebrationBDayCakeCookies&monet=curated&fulfillment=all&keyword=CelebrationBDayCakeCookies&searchType=mktg attribute&pzn=relevance,8
Birthday,/f/birthdays,Cake Toppers & Candles,/search?query=CelebrationBDayCandlesToppers&monet=curated&fulfillment=allted&fulfillment=all&keyword=CelebrationBDayCandlesToppers&searchType=mktg attribute&pzn=relevance,8
Birthday,/f/birthdays,Frozen Desserts,/search?query=CelebrationBDayFrznDessert&monet=curated&fulfillment=all&keyword=CelebrationBDayFrznDessert&searchType=mktg attribute&pzn=relevance,8
Birthday,/f/birthdays,Baking Ingredients,/search?query=CelebrationBDayBaking&monet=curated&fulfillment=all&keyword=CelebrationBDayBaking&searchType=mktg attribute&pzn=relevance,8
Birthday,/f/birthdays,Baking Tools & Helpers,/search?query=CelebrationBDayGMBaking&monet=curated&fulfillment=all&keyword=CelebrationBDayGMBaking&searchType=mktg attribute&pzn=relevance,8
Birthday,/f/birthdays,Celebrations Main Page,/f/party-shop,8
Birthday,/f/birthdays,Gifting Essentials,/f/party-gifts,8
Birthday,/f/birthdays,"Snacks, Main Dishes & Fresh Cocktails",/f/party-foods,8
Birthday,/f/birthdays,Celebrate Grads with Special Deals,/f/graduation,8
Baby,/d/baby,Diapers & Wipes,/pl/diapers-training-pants/10003?query=diapers&searchType=default_search&taxonomyId=10003&fulfillment=all,8
Baby,/d/baby,Wipes,/pl/baby-wipes/1000400002?pzn=relevance&taxonomyId=1000400002&fulfillment=all,8
Baby,/d/baby,Bath & Skin Care,/pl/body-&-hair-care/46005?taxonomyId=46005&fulfillment=all,8
Baby,/d/baby,Nursing & Feeding,/pl/nursing-&-feeding/44?taxonomyId=44&fulfillment=all,8
Baby,/d/baby,Health & Safety,/pl/health-&-safety/45?facets=tru&pzn=relevance,8
Baby,/d/baby,Baby Food,/pl/baby-food-snacks/10001?query=baby%20food&searchType=default_search&taxonomyId=10001&fulfillment=all,8
Baby,/d/baby,Strollers,/pl/strollers/42002?fulfillment=all&pzn=relevance,8
Baby,/d/baby,Cribs,/pl/cribs-andBassinets/4300100001?fulfillment=all&pzn=relevance,8
Baby,/d/baby,Car Seats,/pl/car‐seats/42001?fulfillment=all&pzn=relevance,8
Baby,/d/baby,Gear & Activity,/pl/travel/42003?fulfillment=all&pzn=relevance,8
Baby,/d/baby,Toddler,/pl/potty/46006?fulfillment=all&pzn=relevance,8
Baby,/d/baby,Pre & Postpartum Essentials,/search?keyword=PreandPostpartum&query=PreandPostpartum&searchType=mktg%20attribute&monet=curated&fulfillment=all&pzn=relevance,8
Baby,/d/baby,Milk Based,/pl/milk-based-formula/1009300788?query=formula&searchType=default_search&taxonomyId=1009300788&fulfillment=all,8
Baby,/d/baby,Soy & Plant Based,/pl/soy-plant-based-formula/1009300789?query=formula&searchType=default_search&taxonomyId=1009300789&fulfillment=all,8
Baby,/d/baby,Sensitive & Gentle,/pl/sensitive-gentle-formula/1009300790?query=formula&searchType=default_search&taxonomyId=1009300790&fulfillment=all,8
Baby,/d/baby,Hypoallergenic,/pl/hypo-allergenicformula/1009300791?query=formula&searchType=default_search&taxonomyId=1009300791&fulfillment=all,8
Baby,/d/baby,Natural & Organic,/search?keyword=2023BabyDeptFormulaOrganic&query=2023BabyDeptFormulaOrganic&searchType=mktg%20attribute&monet=curated&fulfillment=all&pzn=relevance,8
Baby,/d/baby,Powder,/pl/powder-formula/1009300786?query=formula&searchType=default_search&taxonomyId=1009300786&fulfillment=all,8
Baby,/d/baby,Ready to Feed,/search?keyword=2023BabyDeptFormulaReadyToFeed&query=2023BabyDeptFormulaReadyToFeed&searchType=mktg%20attribute&monet=curated&fulfillment=all&pzn=relevance,8
Baby,/d/baby,Concentrate,/pl/concentrated-formula/1009300787?query=formula&searchType=default_search&taxonomyId=1009300787&fulfillment=all,8
Baby,/d/baby,Goat Milk,/pl/goat-milk-formula/1009300792?query=formula&searchType=default_search&taxonomyId=1009300792&fulfillment=all,8
Better-for-You Recipes,/blog/health/better-for-you-recipes,Grilled Pineapple Poblano Guacamole,/r/grilled-pineapple-poblano-guacamole-recipe/5d08f9779da07c1bfa12a76a,8
Better-for-You Recipes,/blog/health/better-for-you-recipes,Shrimp with Avocado Peach Salsa,/r/keto-grilled-shrimp-with-avocado-peach-salad-recipe/628a5cc0-e09b-49d5-b468-2bc70ad453bb,8
Better-for-You Recipes,/blog/health/better-for-you-recipes,Steak and Potato Salad,/r/grilled-steak-potato-party-salad-recipe/5d08f65f9da07c1bfa12a734,8
Better-for-You Recipes,/blog/health/better-for-you-recipes,Chicken and Summer Squash Packets,/r/chicken-summer-squash-packets-recipe/5b34040984ae5310116e36a5,8
Better-for-You Recipes,/blog/health/better-for-you-recipes,Turkey Burgers,/r/turkey-burgers-recipe/104051,8
Better-for-You Recipes,/blog/health/better-for-you-recipes,Pork Chop with Peach Pan Sauce,/r/pork-chops-with-peach-pan-sauce-recipe/899966ee-fc34-411a-be3b-79bd3f8bc16f,8
Better-for-You Recipes,/blog/health/better-for-you-recipes,Virtual Nutrition Counseling,/health/clinic/services/virtual-care#virtualnutrition,8
Better-for-You Recipes,/blog/health/better-for-you-recipes,Dietary Lifestyles,/f/shop-by-diet,8
Better-for-You Recipes,/blog/health/better-for-you-recipes,OptUP®,/health/pharmacy/optup,8
Learn About Nutrition Counseling,/health/clinic/services/virtual-care#virtualnutrition,View All Healthcare Departments,/health,8
Learn About Nutrition Counseling,/health/clinic/services/virtual-care#virtualnutrition,Explore Healthy Nutrition,/health/info,8
Learn About Nutrition Counseling,/health/clinic/services/virtual-care#virtualnutrition,Explore The Little Clinic,/health/clinic,8
Learn About Nutrition Counseling,/health/clinic/services/virtual-care#virtualnutrition,Meet Our Dietitians,/health/registered-dietitians,8
Learn About Nutrition Counseling,/health/clinic/services/virtual-care#virtualnutrition,Browse Wellness Articles,/blog/health,8
Learn About Nutrition Counseling,/health/clinic/services/virtual-care#virtualnutrition,Check Out OptUP™,/health/pharmacy/optup,8
Shop Dietary Lifestyles,/f/shop-by-diet,Keto-Friendly,/f/shop-by-diet/keto-groceries,8
Shop Dietary Lifestyles,/f/shop-by-diet,Mediterranean,/f/shop-by-diet/mediterranean-groceries,8
Shop Dietary Lifestyles,/f/shop-by-diet,Plant-Based,/f/shop-by-diet/plant-based-groceries,8
Shop Dietary Lifestyles,/f/shop-by-diet,Gluten-Free,/f/shop-by-diet/gluten-free-groceries,8
Weight Management,/health/weight-management,View All Healthcare Departments,/health,8
Weight Management,/health/weight-management,Explore The Little Clinic,/health/clinic,8
Weight Management,/health/weight-management,Explore Healthy Nutrition,/health/info,8
Weight Management,/health/weight-management,Shop by Dietary Lifestyle,/f/shop-by-diet,8
Weight Management,/health/weight-management,Find Better-for-You Recipes,/blog/health/better-for-you-recipes,8
Weight Management,/health/weight-management,Explore the Pharmacy,/health/pharmacy,8
Not Feeling Well,/health/clinic/services/not-feeling-well,View All Clinic Services,/health/clinic/services,8
Not Feeling Well,/health/clinic/services/not-feeling-well,Explore The Little Clinic,/health/clinic,8
Not Feeling Well,/health/clinic/services/not-feeling-well,Find a Clinic,/health-services/clinic/locations,8
Not Feeling Well,/health/clinic/services/not-feeling-well,"Access the Patient Portal
(Opens in a new tab or window)",https://mycw98.ecwcloud.com/portal13353/jsp/100mp/login_otp.jsp,8
Not Feeling Well,/health/clinic/services/not-feeling-well,Review Insurance & Payment Info,/health/clinic/billing-insurance-payment,8
Not Feeling Well,/health/clinic/services/not-feeling-well,Get Vaccinated,/health/clinic/vaccinations,8
Medication Adherence,/health/pharmacy/medication-adherence-services,View All Healthcare Departments,/health,8
Medication Adherence,/health/pharmacy/medication-adherence-services,Explore the Pharmacy,/health/pharmacy,8
Medication Adherence,/health/pharmacy/medication-adherence-services,Manage Your Prescriptions,/rx/landing-page?redirectUrl=/rx/dashboard,8
Medication Adherence,/health/pharmacy/medication-adherence-services,Find a Pharmacy,/stores/search?selectedStoreFilters=Pharmacy&hash=Pharmacy,8
Medication Adherence,/health/pharmacy/medication-adherence-services,"Get Vaccinated
(Opens in a new tab or window)",/health/clinic/vaccinations,8
Medication Adherence,/health/pharmacy/medication-adherence-services,See Our FAQs,/health/pharmacy/faqs/prescriptions,8
Shop Health & Wellness Items,/d/health,"Cold, Cough & Flu",/pl/cold-cough-flu/22011?searchType=mktg attribute&pzn=relevance,8
Shop Health & Wellness Items,/d/health,Allergy & Sinus,/pl/allergy-sinus/22012?searchType=mktg attribute&pzn=relevance,8
Shop Health & Wellness Items,/d/health,Pain & Fever,/pl/pain-fever/22005?searchType=mktg attribute&pzn=relevance,8
Shop Health & Wellness Items,/d/health,Children's Medicine,/pl/children-s-medicine/22014?searchType=mktg attribute&pzn=relevance,8
Shop Health & Wellness Items,/d/health,Vitamins & Supplements,/pl/vitamins-supplements/22013?searchType=mktg%20attribute&pzn=relevance,8
Shop Health & Wellness Items,/d/health,Immune Support,/pl/immune-system-supports/2201100003?fulfillment=all&pzn=relevance,8
Shop Health & Wellness Items,/d/health,Digestive Health & Nausea,/pl/digestive-health-nausea/22001?searchType=mktg attribute&pzn=relevance,8
Shop Health & Wellness Items,/d/health,Protein Shakes & Powders,/pl/diet-adult-nutrition/22010?searchType=mktg attribute&pzn=relevance,8
Shop Health & Wellness Items,/d/health,Sleep Aids,/pl/sleep-aids/22006?searchType=mktg attribute&pzn=relevance,8
Shop Health & Wellness Items,/d/health,First Aid,/pl/first-aid/22004?searchType=mktg attribute&pzn=relevance,8
Shop Health & Wellness Items,/d/health,Sunscreen,/pl/all/00?fulfillment=all&query=sunscreen&searchType=mktg attribute&pzn=relevance,8
Shop Health & Wellness Items,/d/health,Energy & Stimulants,/pl/energy-stimulants/22008?searchType=mktg attribute&pzn=relevance,8
Shop Health & Wellness Items,/d/health,Eye Care,/pl/eye-care/22002?searchType=mktg attribute&pzn=relevance,8
Shop Health & Wellness Items,/d/health,Foot Care,/pl/foot-care/22007?searchType=mktg attribute&pzn=relevance,8
Shop Health & Wellness Items,/d/health,Home Healthcare Solutions,/pl/home-healthcare-solutions/22009?searchType=mktg attribute&pzn=relevance,8
Shop Health & Wellness Items,/d/health,Sexual Health,/pl/sexual-health/22015?searchType=mktg attribute&pzn=relevance,8
Shop Health & Wellness Items,/d/health,Shop All,/pl/health-wellness/22?fulfillment=all,8
Home,/d/international-latin-mexican,Pantry Staples,/pl/Pantry/58002?taxonomyId=58002&monet=false&fulfilment=all,8
Home,/d/international-latin-mexican,Meat & Seafood,/pl/Meat-Seafood/58008?taxonomyId=58008&monet=false&fulfilment=all,8
Home,/d/international-latin-mexican,Fresh Produce,/pl/Fruits-Vegetables/58010?taxonomyId=58010&monet=false&fulfilment=all,8
Home,/d/international-latin-mexican,"Salsas, Sauces & Seasonings",/pl/Salsa-Sauces-Dips/58003?taxonomyId=58003&monet=false&fulfilment=all,8
Home,/d/international-latin-mexican,Tortillas & Shells,/pl/TortillasTaco-Shells-Tostadas/58001?taxonomyId=58001&monet=false&fulfilment=all,8
Home,/d/international-latin-mexican,Huachinango Tostadas,/r/huachinango-tostadas-crunchy-corn-tortillas-topped-with-red-snapper-recipe/5d6fdfdd9da07c672f797e55,8
Home,/d/international-latin-mexican,Ceviche Mixto,/r/ceviche-mixto-mixed-seafood-recipe/5d6ed33c9da07c58141dc38b,8
Home,/d/international-latin-mexican,Slow Cooker Pollo Guisado (Chicken Stew),/r/slow-cooker-pollo-guisado-chicken-stew-recipe/5d6ecafa9da07c58141dc31c,8
Home,/d/international-latin-mexican,Pupusas con Curtido,/r/pupusas-con-curtido-stuffed-corn-tortillas-recipe/5d7022059da07c461162e812,8
Central American,/d/international-central-american,Pineapple Mango Tango,/r/pineapple-mango-tango-recipe/5f523e899da07c0e4c7d09d3,8
Central American,/d/international-central-american,Tostones,/r/tostones-green-plantain-chips-with-spicy-chile-salsa-recipe/5d7014ad9da07c6ba2b137b1,8
Central American,/d/international-central-american,Chorreadas,/r/chorreadas-fresh-corn-pancakes-with-latin-cream-and-cheese-recipe/5d70239e9da07c461162e82d,8
Central American,/d/international-central-american,Vigorón,/r/vigoron-yuca-topped-with-salad-and-pork-cracklings-recipe/5d70105e9da07c6ba2b13786,8
Central American,/d/international-central-american,Pupusas con Curtido,/r/pupusas-con-curtido-stuffed-corn-tortillas-recipe/5d7022059da07c461162e812,8
Central American,/d/international-central-american,Home,/d/international-latin-mexican,8
Central American,/d/international-central-american,Mexican,/d/international-mexican,8
Central American,/d/international-central-american,South American,/d/international-south-american,8
Central American,/d/international-central-american,Caribbean,/d/international-caribbean,8
South American,/d/international-south-american,Black Bean and Shrimp Corn Chowder,/r/black-bean-and-shrimp-corn-chowder-recipe/5f523f239da07c0e4c7d09d4,8
South American,/d/international-south-american,Arepas de Queso con Pimientos Rojos,/r/arepas-de-maiz-y-queso-con-pimientos-rojos-corn-cheese-and-red-pepper-arepas-recipe/5d6fdb8e9da07c0fd2e202ef,8
South American,/d/international-south-american,Chivito,/r/chivito-beef-steak-sandwich-recipe/5d6fd3f99da07c0fd2e2029f,8
South American,/d/international-south-american,Salpicón,/r/salpicon-fruit-beverage-recipe/5d6fd84b9da07c0fd2e202d4,8
South American,/d/international-south-american,Empanadas con Pollo y Papas,/r/empanadas-con-pollo-y-papas-empanadas-with-roast-chicken-and-potatoes-recipe/5d6ed0789da07c58141dc370,8
South American,/d/international-south-american,Home,/d/international-latin-mexican,8
South American,/d/international-south-american,Mexican,/d/international-mexican,8
South American,/d/international-south-american,Central American,/d/international-central-american,8
South American,/d/international-south-american,Caribbean,/d/international-caribbean,8
Caribbean,/d/international-caribbean,Shrimp Plantain Bowl with Mango Salsa,/r/shrimp-plantain-bowl-with-mango-salsa-recipe/5f5241929da07c0e4c7d09f2,8
Caribbean,/d/international-caribbean,Masa de Puerco Fritas,/r/masa-de-puerco-fritas-fried-pork-recipe/5d6ec5209da07c39d33cfd55,8
Caribbean,/d/international-caribbean,Arroz con Chorizo,/r/arroz-con-chorizo-rice-with-sausage-and-kidney-beans-recipe/5d6ec7529da07c58141dc2d4,8
Caribbean,/d/international-caribbean,Batido de Mango y Maracuya,/r/batido-de-mango-y-maracuya-passion-fruit-and-mango-smoothie-recipe/5d6ece969da07c58141dc355,8
Caribbean,/d/international-caribbean,Slow Cooker Pollo Guisado,/r/slow-cooker-pollo-guisado-chicken-stew-recipe/5d6ecafa9da07c58141dc31c,8
Caribbean,/d/international-caribbean,Home,/d/international-latin-mexican,8
Caribbean,/d/international-caribbean,Mexican,/d/international-mexican,8
Caribbean,/d/international-caribbean,Central American,/d/international-central-american,8
Caribbean,/d/international-caribbean,South American,/d/international-south-american,8
Mexican,/d/international-mexican,Cheesy Chori Pollo,/r/cheesy-chori-pollo-recipe/5f514de89da07c18141819c5,8
Mexican,/d/international-mexican,Huachinango Tostadas,/r/huachinango-tostadas-crunchy-corn-tortillas-topped-with-red-snapper-recipe/5d6fdfdd9da07c672f797e55,8
Mexican,/d/international-mexican,Agua Fresca de Limón y Chan,/r/agua-fresca-delimon-y-chan-fresh-limeade-with-chia-seeds-recipe/5d6fff1e9da07c164074970c,8
Mexican,/d/international-mexican,Ensalada de Nopales,/r/ensalada-de-nopales-fresh-cactus-salad-recipe/5d6fef819da07c3e91a3c49b,8
Mexican,/d/international-mexican,Sopa de Calabacita,/r/sopa-de-calabacita-squash-soup-recipe/5d6ff5419da07c3e91a3c4b6,8
Mexican,/d/international-mexican,Home,/d/international-latin-mexican,8
Mexican,/d/international-mexican,Central American,/d/international-central-american,8
Mexican,/d/international-mexican,South American,/d/international-south-american,8
Mexican,/d/international-mexican,Caribbean,/d/international-caribbean,8
